Symbol,Name,Latest,Change,%Change,High,Low,Volume,"Imp Vol","1M IV","3M IV",IV/HV,"5D/1M IV%","IV Rank","1M IV Rank ","IV Pctl","1M IV Pctl","Options Vol","5D Total Vol","Total OI","Call Open Int","Put Open Int","P/C OI","Exp Move",Time
BTN26,"Bitcoin Futures",64180,795,+1.25%,64245,63070,1117,0.00%,0.00%,0.00%,0,0.00%,N/A,N/A,0%,0%,N/A,N/A,N/A,N/A,N/A,N/A,0,"21:54 CT"
BTQ26,"Bitcoin Futures",64470,830,+1.30%,64470,63340,114,0.00%,0.00%,0.00%,0,0.00%,N/A,N/A,0%,0%,N/A,N/A,N/A,N/A,N/A,N/A,0,"21:54 CT"
BTU26,"Bitcoin Futures",64390,510,+0.80%,64400,64360,6,0.00%,0.00%,0.00%,0,0.00%,N/A,N/A,0%,0%,N/A,N/A,N/A,N/A,N/A,N/A,0,"21:34 CT"
BTV26,"Bitcoin Futures",64160,950,+1.50%,64355,62650,0,0.00%,0.00%,0.00%,0,0.00%,N/A,N/A,0%,0%,N/A,N/A,N/A,N/A,N/A,N/A,0,2026-07-09
BTX26,"Bitcoin Futures",64435,950,+1.50%,64465,63000,0,0.00%,0.00%,0.00%,0,0.00%,N/A,N/A,0%,0%,N/A,N/A,N/A,N/A,N/A,N/A,0,2026-07-09
BTZ26,"Bitcoin Futures",64705,895,+1.40%,64705,63300,0,0.00%,0.00%,0.00%,0,0.00%,N/A,N/A,0%,0%,N/A,N/A,N/A,N/A,N/A,N/A,0,2026-07-09
BTH27,"Bitcoin Futures",65655,995,+1.54%,65655,65655,0,0.00%,0.00%,0.00%,0,0.00%,N/A,N/A,0%,0%,N/A,N/A,N/A,N/A,N/A,N/A,0,2026-07-09
BTM27,"Bitcoin Futures",66535,1010,+1.54%,66535,66535,0,0.00%,0.00%,0.00%,0,0.00%,N/A,N/A,0%,0%,N/A,N/A,N/A,N/A,N/A,N/A,0,2026-07-09
BTU27,"Bitcoin Futures",67400,1020,+1.54%,67400,67400,0,0.00%,0.00%,0.00%,0,0.00%,N/A,N/A,0%,0%,N/A,N/A,N/A,N/A,N/A,N/A,0,2026-07-09
BTZ27,"Bitcoin Futures",68335,1040,+1.55%,68335,68335,0,0.00%,0.00%,0.00%,0,0.00%,N/A,N/A,0%,0%,N/A,N/A,N/A,N/A,N/A,N/A,0,2026-07-09
TAN26,"Ether Micro",1779,28,+1.60%,1781.5,1740,2943,0.00%,0.00%,0.00%,0,0.00%,N/A,N/A,0%,0%,N/A,N/A,N/A,N/A,N/A,N/A,0,"21:54 CT"
TAQ26,"Ether Micro",1785,28,+1.59%,1785,1764,104,0.00%,0.00%,0.00%,0,0.00%,N/A,N/A,0%,0%,N/A,N/A,N/A,N/A,N/A,N/A,0,"21:54 CT"
TAU26,"Ether Micro",1762.5,6,+0.34%,1762.5,1747.5,0,0.00%,0.00%,0.00%,0,0.00%,N/A,N/A,0%,0%,N/A,N/A,N/A,N/A,N/A,N/A,0,2026-07-09
TAV26,"Ether Micro",1770,6,+0.34%,1770,1770,0,0.00%,0.00%,0.00%,0,0.00%,N/A,N/A,0%,0%,N/A,N/A,N/A,N/A,N/A,N/A,0,2026-07-09
TAX26,"Ether Micro",1778.5,6,+0.34%,1778.5,1778.5,0,0.00%,0.00%,0.00%,0,0.00%,N/A,N/A,0%,0%,N/A,N/A,N/A,N/A,N/A,N/A,0,2026-07-09
TAZ26,"Ether Micro",1786,6,+0.34%,1786,1758,3,0.00%,0.00%,0.00%,0,0.00%,N/A,N/A,0%,0%,N/A,N/A,N/A,N/A,N/A,N/A,0,2026-07-09
TAH27,"Ether Micro",1821,7,+0.39%,1821,1821,0,0.00%,0.00%,0.00%,0,0.00%,N/A,N/A,0%,0%,N/A,N/A,N/A,N/A,N/A,N/A,0,2026-07-09
TAU27,"Ether Micro",1874,8,+0.43%,1874,1874,0,0.00%,0.00%,0.00%,0,0.00%,N/A,N/A,0%,0%,N/A,N/A,N/A,N/A,N/A,N/A,0,2026-07-09
TAZ27,"Ether Micro",1902,8,+0.42%,1902,1902,0,0.00%,0.00%,0.00%,0,0.00%,N/A,N/A,0%,0%,N/A,N/A,N/A,N/A,N/A,N/A,0,2026-07-09
TAM27,"Ether Micro",1847.5,7.5,+0.41%,1847.5,1847.5,0,0.00%,0.00%,0.00%,0,0.00%,N/A,N/A,0%,0%,N/A,N/A,N/A,N/A,N/A,N/A,0,2026-07-09
GCQ26,Gold,4136.6,-4.2,-0.10%,4140.8,4118.3,10378,0.00%,0.00%,0.00%,0,0.00%,N/A,N/A,0%,0%,N/A,N/A,N/A,N/A,N/A,N/A,0,"21:55 CT"
GCN26,Gold,4122.1,-8.5,-0.21%,4125.8,4115,148,0.00%,0.00%,0.00%,0,0.00%,N/A,N/A,0%,0%,N/A,N/A,N/A,N/A,N/A,N/A,0,"21:04 CT"
GCU26,Gold,4150.9,-3.8,-0.09%,4150.9,4140.3,27,0.00%,0.00%,0.00%,0,0.00%,N/A,N/A,0%,0%,N/A,N/A,N/A,N/A,N/A,N/A,0,"21:34 CT"
GCV26,Gold,4167,-2.7,-0.06%,4168.8,4149.4,80,0.00%,0.00%,0.00%,0,0.00%,N/A,N/A,0%,0%,N/A,N/A,N/A,N/A,N/A,N/A,0,"21:54 CT"
GCX26,Gold,4186.1,58.9,+1.43%,4186.1,4134.4,5,0.00%,0.00%,0.00%,0,0.00%,N/A,N/A,0%,0%,N/A,N/A,N/A,N/A,N/A,N/A,0,2026-07-09
GCZ26,Gold,4198.9,-2.5,-0.06%,4200.6,4180.2,402,0.00%,0.00%,0.00%,0,0.00%,N/A,N/A,0%,0%,N/A,N/A,N/A,N/A,N/A,N/A,0,"21:54 CT"
GCF27,Gold,4219.3,59.7,+1.44%,4219.3,4144.9,15,0.00%,0.00%,0.00%,0,0.00%,N/A,N/A,0%,0%,N/A,N/A,N/A,N/A,N/A,N/A,0,2026-07-09
GCG27,Gold,4228.4,-5.6,-0.13%,4230.3,4220.4,32,0.00%,0.00%,0.00%,0,0.00%,N/A,N/A,0%,0%,N/A,N/A,N/A,N/A,N/A,N/A,0,"21:34 CT"
GCH27,Gold,4248.2,60.5,+1.44%,4248.2,4246.3,76,0.00%,0.00%,0.00%,0,0.00%,N/A,N/A,0%,0%,N/A,N/A,N/A,N/A,N/A,N/A,0,2026-07-09
GCJ27,Gold,4257.5,-7.9,-0.19%,4257.5,4257.5,16,0.00%,0.00%,0.00%,0,0.00%,N/A,N/A,0%,0%,N/A,N/A,N/A,N/A,N/A,N/A,0,"21:34 CT"
CLQ26,"Crude Oil WTI",72.37,0.29000000000001,+0.40%,72.42,71.22,7612,0.00%,0.00%,0.00%,0,0.00%,N/A,N/A,0%,0%,N/A,N/A,N/A,N/A,N/A,N/A,0,"21:55 CT"
CLU26,"Crude Oil WTI",72.17,0.27,+0.38%,72.23,71.1,4414,0.00%,0.00%,0.00%,0,0.00%,N/A,N/A,0%,0%,N/A,N/A,N/A,N/A,N/A,N/A,0,"21:55 CT"
CLV26,"Crude Oil WTI",71.83,0.27,+0.38%,71.86,70.85,1012,0.00%,0.00%,0.00%,0,0.00%,N/A,N/A,0%,0%,N/A,N/A,N/A,N/A,N/A,N/A,0,"21:55 CT"
CLZ26,"Crude Oil WTI",70.98,0.19,+0.27%,71.03,70.2,1522,0.00%,0.00%,0.00%,0,0.00%,N/A,N/A,0%,0%,N/A,N/A,N/A,N/A,N/A,N/A,0,"21:55 CT"
CLX26,"Crude Oil WTI",71.43,0.26000000000001,+0.37%,71.43,70.55,852,0.00%,0.00%,0.00%,0,0.00%,N/A,N/A,0%,0%,N/A,N/A,N/A,N/A,N/A,N/A,0,"21:54 CT"
CLG27,"Crude Oil WTI",70.25,0.13,+0.19%,70.26,69.85,170,0.00%,0.00%,0.00%,0,0.00%,N/A,N/A,0%,0%,N/A,N/A,N/A,N/A,N/A,N/A,0,"21:54 CT"
CLH27,"Crude Oil WTI",69.88,0.05,+0.07%,69.88,69.35,218,0.00%,0.00%,0.00%,0,0.00%,N/A,N/A,0%,0%,N/A,N/A,N/A,N/A,N/A,N/A,0,"21:54 CT"
CLJ27,"Crude Oil WTI",69.54,-0.01,-0.01%,69.54,69.28,83,0.00%,0.00%,0.00%,0,0.00%,N/A,N/A,0%,0%,N/A,N/A,N/A,N/A,N/A,N/A,0,"21:54 CT"
CLK27,"Crude Oil WTI",69.34,0.04,+0.06%,69.39,69.05,62,0.00%,0.00%,0.00%,0,0.00%,N/A,N/A,0%,0%,N/A,N/A,N/A,N/A,N/A,N/A,0,"21:54 CT"
CLF27,"Crude Oil WTI",70.57,0.12,+0.17%,70.59,70.12,353,0.00%,0.00%,0.00%,0,0.00%,N/A,N/A,0%,0%,N/A,N/A,N/A,N/A,N/A,N/A,0,"21:54 CT"
QRU26,"Russell 2000 E-Mini",3002.2,-6.2,-0.21%,3008.1,2997.1,3462,0.00%,0.00%,0.00%,0,0.00%,N/A,N/A,0%,0%,N/A,N/A,N/A,N/A,N/A,N/A,0,"21:55 CT"
QRZ26,"Russell 2000 E-Mini",3021.5,-9.3,-0.31%,3024,3021.5,8,0.00%,0.00%,0.00%,0,0.00%,N/A,N/A,0%,0%,N/A,N/A,N/A,N/A,N/A,N/A,0,"21:04 CT"
QRH27,"Russell 2000 E-Mini",3059.9,38.1,+1.26%,3059.9,3059.9,0,0.00%,0.00%,0.00%,0,0.00%,N/A,N/A,0%,0%,N/A,N/A,N/A,N/A,N/A,N/A,0,2026-07-09
QRM27,"Russell 2000 E-Mini",3084.9,38.8,+1.27%,3084.9,3084.9,0,0.00%,0.00%,0.00%,0,0.00%,N/A,N/A,0%,0%,N/A,N/A,N/A,N/A,N/A,N/A,0,2026-07-09
QRU27,"Russell 2000 E-Mini",3113,38.8,+1.26%,3113,3113,0,0.00%,0.00%,0.00%,0,0.00%,N/A,N/A,0%,0%,N/A,N/A,N/A,N/A,N/A,N/A,0,2026-07-09
QRZ27,"Russell 2000 E-Mini",3118,38.8,+1.26%,3118,3118,0,0.00%,0.00%,0.00%,0,0.00%,N/A,N/A,0%,0%,N/A,N/A,N/A,N/A,N/A,N/A,0,2026-07-09
QRM28,"Russell 2000 E-Mini",3170,38.8,+1.24%,3170,3170,0,0.00%,0.00%,0.00%,0,0.00%,N/A,N/A,0%,0%,N/A,N/A,N/A,N/A,N/A,N/A,0,2026-07-09
QRZ28,"Russell 2000 E-Mini",3222.3,38.8,+1.22%,3222.3,3222.3,0,0.00%,0.00%,0.00%,0,0.00%,N/A,N/A,0%,0%,N/A,N/A,N/A,N/A,N/A,N/A,0,2026-07-09
QRM29,"Russell 2000 E-Mini",3283.2,38.8,+1.20%,3283.2,3283.2,0,0.00%,0.00%,0.00%,0,0.00%,N/A,N/A,0%,0%,N/A,N/A,N/A,N/A,N/A,N/A,0,2026-07-09
QRZ29,"Russell 2000 E-Mini",3339.2,38.8,+1.18%,3339.2,3339.2,0,0.00%,0.00%,0.00%,0,0.00%,N/A,N/A,0%,0%,N/A,N/A,N/A,N/A,N/A,N/A,0,2026-07-09
OYU26,"High Yield Corp Bond",183.78,0.2,+0.11%,183.99,183.41,50,0.00%,0.00%,0.00%,0,0.00%,N/A,N/A,0%,0%,N/A,N/A,N/A,N/A,N/A,N/A,0,2026-07-09
OYZ26,"High Yield Corp Bond",185.205,0.225,+0.12%,185.41,185.2,44,0.00%,0.00%,0.00%,0,0.00%,N/A,N/A,0%,0%,N/A,N/A,N/A,N/A,N/A,N/A,0,2026-07-09
OYH27,"High Yield Corp Bond",185.205,0.225,+0.12%,185.205,185.205,0,0.00%,0.00%,0.00%,0,0.00%,N/A,N/A,0%,0%,N/A,N/A,N/A,N/A,N/A,N/A,0,2026-07-09
OGU26,"Ivnt Grade Corp Bond",146.705,0.015,+0.01%,147.05,146.67,148,0.00%,0.00%,0.00%,0,0.00%,N/A,N/A,0%,0%,N/A,N/A,N/A,N/A,N/A,N/A,0,2026-07-09
OGZ26,"Ivnt Grade Corp Bond",148.065,0.03,+0.02%,148.41,148.065,62,0.00%,0.00%,0.00%,0,0.00%,N/A,N/A,0%,0%,N/A,N/A,N/A,N/A,N/A,N/A,0,2026-07-09
OGH27,"Ivnt Grade Corp Bond",148.065,0.03,+0.02%,148.065,148.065,0,0.00%,0.00%,0.00%,0,0.00%,N/A,N/A,0%,0%,N/A,N/A,N/A,N/A,N/A,N/A,0,2026-07-09
TON26,"10-Year Yield Futures",4.498,0.003,+0.07%,4.507,4.489,21,0.00%,0.00%,0.00%,0,0.00%,N/A,N/A,0%,0%,N/A,N/A,N/A,N/A,N/A,N/A,0,"21:53 CT"
ZTU26,"2-Year T-Note",103.015625,-0.01171875,-0.01%,103.03125,102.98828125,19910,0.00%,0.00%,0.00%,0,0.00%,N/A,N/A,0%,0%,N/A,N/A,N/A,N/A,N/A,N/A,0,"21:55 CT"
ZTZ26,"2-Year T-Note",102.959375,0.071875,+0.07%,102.96875,102.846875,12,0.00%,0.00%,0.00%,0,0.00%,N/A,N/A,0%,0%,N/A,N/A,N/A,N/A,N/A,N/A,0,2026-07-09
ZTH27,"2-Year T-Note",102.925,0.071875,+0.07%,102.925,102.925,0,0.00%,0.00%,0.00%,0,0.00%,N/A,N/A,0%,0%,N/A,N/A,N/A,N/A,N/A,N/A,0,2026-07-09
TOQ26,"10-Year Yield Futures",4.48,-0.01,-0.22%,4.499,4.48,8,0.00%,0.00%,0.00%,0,0.00%,N/A,N/A,0%,0%,N/A,N/A,N/A,N/A,N/A,N/A,0,2026-07-09
$CHGC,"Cash Copper High Grade",6.215,0.1605,+2.65%,6.215,6.215,0,0.00%,0.00%,0.00%,0,0.00%,N/A,N/A,0%,0%,N/A,N/A,N/A,N/A,N/A,N/A,0,2026-07-09
ZCZ26,Corn,452.75,0.75,+0.17%,452.75,450,7248,0.00%,0.00%,0.00%,0,0.00%,N/A,N/A,0%,0%,N/A,N/A,N/A,N/A,N/A,N/A,0,"21:54 CT"
ZCN26,Corn,427.75,-7.,-1.61%,435,427.75,1196,0.00%,0.00%,0.00%,0,0.00%,N/A,N/A,0%,0%,N/A,N/A,N/A,N/A,N/A,N/A,0,2026-07-09
ZCU26,Corn,431.75,0.25,+0.06%,432,429.5,3765,0.00%,0.00%,0.00%,0,0.00%,N/A,N/A,0%,0%,N/A,N/A,N/A,N/A,N/A,N/A,0,"21:54 CT"
ZCH27,Corn,467.75,0.5,+0.11%,467.75,465.5,698,0.00%,0.00%,0.00%,0,0.00%,N/A,N/A,0%,0%,N/A,N/A,N/A,N/A,N/A,N/A,0,"21:54 CT"
ZCK27,Corn,476.75,0.5,+0.10%,476.75,474.25,897,0.00%,0.00%,0.00%,0,0.00%,N/A,N/A,0%,0%,N/A,N/A,N/A,N/A,N/A,N/A,0,"21:54 CT"
ZCN27,Corn,482,0.25,+0.05%,482,479.75,757,0.00%,0.00%,0.00%,0,0.00%,N/A,N/A,0%,0%,N/A,N/A,N/A,N/A,N/A,N/A,0,"21:54 CT"
ZCU27,Corn,473.5,1,+0.21%,473.5,471.5,392,0.00%,0.00%,0.00%,0,0.00%,N/A,N/A,0%,0%,N/A,N/A,N/A,N/A,N/A,N/A,0,"21:54 CT"
ZCZ27,Corn,480.5,1.5,+0.31%,480.5,477.75,537,0.00%,0.00%,0.00%,0,0.00%,N/A,N/A,0%,0%,N/A,N/A,N/A,N/A,N/A,N/A,0,"21:54 CT"
ZCH28,Corn,490.75,0.25,+0.05%,490.75,489.25,8,0.00%,0.00%,0.00%,0,0.00%,N/A,N/A,0%,0%,N/A,N/A,N/A,N/A,N/A,N/A,0,"21:03 CT"
ZCK28,Corn,497.5,0.5,+0.10%,497.5,497.5,3,0.00%,0.00%,0.00%,0,0.00%,N/A,N/A,0%,0%,N/A,N/A,N/A,N/A,N/A,N/A,0,"21:03 CT"
ZLZ26,"Soybean Oil",68.81,0.19,+0.28%,68.97,68.5,2259,0.00%,0.00%,0.00%,0,0.00%,N/A,N/A,0%,0%,N/A,N/A,N/A,N/A,N/A,N/A,0,"21:55 CT"
ZLN26,"Soybean Oil",70.45,-0.94,-1.32%,71.15,70.4,236,0.00%,0.00%,0.00%,0,0.00%,N/A,N/A,0%,0%,N/A,N/A,N/A,N/A,N/A,N/A,0,2026-07-09
ZLQ26,"Soybean Oil",70.28,0.36,+0.51%,70.42,69.91,1120,0.00%,0.00%,0.00%,0,0.00%,N/A,N/A,0%,0%,N/A,N/A,N/A,N/A,N/A,N/A,0,"21:55 CT"
ZLU26,"Soybean Oil",69.8,0.31999999999999,+0.46%,69.93,69.44,1516,0.00%,0.00%,0.00%,0,0.00%,N/A,N/A,0%,0%,N/A,N/A,N/A,N/A,N/A,N/A,0,"21:55 CT"
ZLV26,"Soybean Oil",69.23,0.29,+0.42%,69.32,68.91,803,0.00%,0.00%,0.00%,0,0.00%,N/A,N/A,0%,0%,N/A,N/A,N/A,N/A,N/A,N/A,0,"21:54 CT"
ZLF27,"Soybean Oil",68.73,0.22,+0.32%,68.84,68.38,305,0.00%,0.00%,0.00%,0,0.00%,N/A,N/A,0%,0%,N/A,N/A,N/A,N/A,N/A,N/A,0,"21:54 CT"
ZLH27,"Soybean Oil",68.43,0.17,+0.25%,68.6,68.11,170,0.00%,0.00%,0.00%,0,0.00%,N/A,N/A,0%,0%,N/A,N/A,N/A,N/A,N/A,N/A,0,"21:54 CT"
ZLK27,"Soybean Oil",67.96,0.05,+0.07%,68.05,67.77,102,0.00%,0.00%,0.00%,0,0.00%,N/A,N/A,0%,0%,N/A,N/A,N/A,N/A,N/A,N/A,0,"21:54 CT"
ZLN27,"Soybean Oil",67.41,0,0.00%,67.64,67.28,63,0.00%,0.00%,0.00%,0,0.00%,N/A,N/A,0%,0%,N/A,N/A,N/A,N/A,N/A,N/A,0,"21:54 CT"
ZLQ27,"Soybean Oil",66.61,-1.05,-1.55%,67.87,66.52,572,0.00%,0.00%,0.00%,0,0.00%,N/A,N/A,0%,0%,N/A,N/A,N/A,N/A,N/A,N/A,0,2026-07-09
ZMZ26,"Soybean Meal",315.6,0.2,+0.06%,315.7,313.7,887,0.00%,0.00%,0.00%,0,0.00%,N/A,N/A,0%,0%,N/A,N/A,N/A,N/A,N/A,N/A,0,"21:54 CT"
ZMN26,"Soybean Meal",319.5,5,+1.59%,319.5,313.9,153,0.00%,0.00%,0.00%,0,0.00%,N/A,N/A,0%,0%,N/A,N/A,N/A,N/A,N/A,N/A,0,2026-07-09
ZMQ26,"Soybean Meal",317.3,-0.1,-0.03%,317.4,315.7,586,0.00%,0.00%,0.00%,0,0.00%,N/A,N/A,0%,0%,N/A,N/A,N/A,N/A,N/A,N/A,0,"21:54 CT"
ZMU26,"Soybean Meal",314.3,-0.1,-0.03%,314.3,312.6,386,0.00%,0.00%,0.00%,0,0.00%,N/A,N/A,0%,0%,N/A,N/A,N/A,N/A,N/A,N/A,0,"21:54 CT"
ZMV26,"Soybean Meal",312.2,0.1,+0.03%,312.3,310.4,127,0.00%,0.00%,0.00%,0,0.00%,N/A,N/A,0%,0%,N/A,N/A,N/A,N/A,N/A,N/A,0,"21:54 CT"
ZMF27,"Soybean Meal",317.1,0.1,+0.03%,317.1,315.2,73,0.00%,0.00%,0.00%,0,0.00%,N/A,N/A,0%,0%,N/A,N/A,N/A,N/A,N/A,N/A,0,"21:54 CT"
ZMH27,"Soybean Meal",318.7,0,0.00%,318.7,317,68,0.00%,0.00%,0.00%,0,0.00%,N/A,N/A,0%,0%,N/A,N/A,N/A,N/A,N/A,N/A,0,"21:54 CT"
ZMK27,"Soybean Meal",320,-0.2,-0.06%,320,318.8,6,0.00%,0.00%,0.00%,0,0.00%,N/A,N/A,0%,0%,N/A,N/A,N/A,N/A,N/A,N/A,0,"21:54 CT"
ZMN27,"Soybean Meal",322.7,0.1,+0.03%,322.7,320.9,29,0.00%,0.00%,0.00%,0,0.00%,N/A,N/A,0%,0%,N/A,N/A,N/A,N/A,N/A,N/A,0,"21:54 CT"
ZMQ27,"Soybean Meal",322.1,4.1,+1.29%,322.1,316.5,726,0.00%,0.00%,0.00%,0,0.00%,N/A,N/A,0%,0%,N/A,N/A,N/A,N/A,N/A,N/A,0,2026-07-09
FLQ26,"Ethanol Chicago",1.9325,0.0025,+0.13%,1.9325,1.9325,2865,0.00%,0.00%,0.00%,0,0.00%,N/A,N/A,0%,0%,N/A,N/A,N/A,N/A,N/A,N/A,0,2026-07-09
FLN26,"Ethanol Chicago",1.9,-0.0025,-0.13%,1.9,1.9,627,0.00%,0.00%,0.00%,0,0.00%,N/A,N/A,0%,0%,N/A,N/A,N/A,N/A,N/A,N/A,0,2026-07-09
FLU26,"Ethanol Chicago",1.9325,0.0025,+0.13%,1.9325,1.9325,1665,0.00%,0.00%,0.00%,0,0.00%,N/A,N/A,0%,0%,N/A,N/A,N/A,N/A,N/A,N/A,0,2026-07-09
FLV26,"Ethanol Chicago",1.895,0,0.00%,1.895,1.895,546,0.00%,0.00%,0.00%,0,0.00%,N/A,N/A,0%,0%,N/A,N/A,N/A,N/A,N/A,N/A,0,2026-07-09
ALX26,Aluminum,3347,56.5,+1.72%,3347,3347,19,0.00%,0.00%,0.00%,0,0.00%,N/A,N/A,0%,0%,N/A,N/A,N/A,N/A,N/A,N/A,0,2026-07-09
FLZ26,"Ethanol Chicago",1.77,-0.0025,-0.14%,1.77,1.77,513,0.00%,0.00%,0.00%,0,0.00%,N/A,N/A,0%,0%,N/A,N/A,N/A,N/A,N/A,N/A,0,2026-07-09
FLF27,"Ethanol Chicago",1.7225,-0.005,-0.29%,1.7225,1.7225,150,0.00%,0.00%,0.00%,0,0.00%,N/A,N/A,0%,0%,N/A,N/A,N/A,N/A,N/A,N/A,0,2026-07-09
FLG27,"Ethanol Chicago",1.7325,-0.005,-0.29%,1.7325,1.7325,100,0.00%,0.00%,0.00%,0,0.00%,N/A,N/A,0%,0%,N/A,N/A,N/A,N/A,N/A,N/A,0,2026-07-09
FLH27,"Ethanol Chicago",1.7475,-0.005,-0.29%,1.7475,1.7475,100,0.00%,0.00%,0.00%,0,0.00%,N/A,N/A,0%,0%,N/A,N/A,N/A,N/A,N/A,N/A,0,2026-07-09
FLJ27,"Ethanol Chicago",1.7475,-0.005,-0.29%,1.7475,1.7475,0,0.00%,0.00%,0.00%,0,0.00%,N/A,N/A,0%,0%,N/A,N/A,N/A,N/A,N/A,N/A,0,2026-07-09
HGU26,"High Grade Copper",6.3005,0.035,+0.56%,6.305,6.24,2519,0.00%,0.00%,0.00%,0,0.00%,N/A,N/A,0%,0%,N/A,N/A,N/A,N/A,N/A,N/A,0,"21:55 CT"
HGN26,"High Grade Copper",6.215,0.1605,+2.65%,6.237,6.0695,424,0.00%,0.00%,0.00%,0,0.00%,N/A,N/A,0%,0%,N/A,N/A,N/A,N/A,N/A,N/A,0,2026-07-09
HGQ26,"High Grade Copper",6.274,0.039,+0.63%,6.274,6.22,18,0.00%,0.00%,0.00%,0,0.00%,N/A,N/A,0%,0%,N/A,N/A,N/A,N/A,N/A,N/A,0,"21:54 CT"
HGV26,"High Grade Copper",6.2945,0.158,+2.57%,6.299,6.15,166,0.00%,0.00%,0.00%,0,0.00%,N/A,N/A,0%,0%,N/A,N/A,N/A,N/A,N/A,N/A,0,2026-07-09
HGX26,"High Grade Copper",6.3255,0.157,+2.55%,6.343,6.311,58,0.00%,0.00%,0.00%,0,0.00%,N/A,N/A,0%,0%,N/A,N/A,N/A,N/A,N/A,N/A,0,2026-07-09
HGZ26,"High Grade Copper",6.391,0.036,+0.57%,6.393,6.3315,81,0.00%,0.00%,0.00%,0,0.00%,N/A,N/A,0%,0%,N/A,N/A,N/A,N/A,N/A,N/A,0,"21:55 CT"
HGF27,"High Grade Copper",6.383,0.157,+2.52%,6.4005,6.357,12,0.00%,0.00%,0.00%,0,0.00%,N/A,N/A,0%,0%,N/A,N/A,N/A,N/A,N/A,N/A,0,2026-07-09
HGG27,"High Grade Copper",6.4135,0.157,+2.51%,6.4305,6.4135,2,0.00%,0.00%,0.00%,0,0.00%,N/A,N/A,0%,0%,N/A,N/A,N/A,N/A,N/A,N/A,0,2026-07-09
HGH27,"High Grade Copper",6.4805,0.0375,+0.58%,6.4805,6.4245,12,0.00%,0.00%,0.00%,0,0.00%,N/A,N/A,0%,0%,N/A,N/A,N/A,N/A,N/A,N/A,0,"21:34 CT"
HGJ27,"High Grade Copper",6.472,0.1575,+2.49%,6.4895,6.472,25,0.00%,0.00%,0.00%,0,0.00%,N/A,N/A,0%,0%,N/A,N/A,N/A,N/A,N/A,N/A,0,2026-07-09
VIN26,"S&P 500 VIX",17.5,0.0813,+0.47%,17.56,17.43,947,0.00%,0.00%,0.00%,0,0.00%,N/A,N/A,0%,0%,N/A,N/A,N/A,N/A,N/A,N/A,0,"21:54 CT"
ZBU26,"30-Year T-Bond",111.40625,-0.03125,-0.03%,111.53125,111.15625,12389,0.00%,0.00%,0.00%,0,0.00%,N/A,N/A,0%,0%,N/A,N/A,N/A,N/A,N/A,N/A,0,"21:54 CT"
ZBZ26,"30-Year T-Bond",111.0625,0,0.00%,111.0625,110.875,40,0.00%,0.00%,0.00%,0,0.00%,N/A,N/A,0%,0%,N/A,N/A,N/A,N/A,N/A,N/A,0,"21:04 CT"
ZBH27,"30-Year T-Bond",110.65625,0.21875,+0.20%,110.65625,110.65625,0,0.00%,0.00%,0.00%,0,0.00%,N/A,N/A,0%,0%,N/A,N/A,N/A,N/A,N/A,N/A,0,2026-07-09
ZNU26,"10-Year T-Note",109.25,-0.015625,-0.01%,109.296875,109.140625,61426,0.00%,0.00%,0.00%,0,0.00%,N/A,N/A,0%,0%,N/A,N/A,N/A,N/A,N/A,N/A,0,"21:55 CT"
ZNZ26,"10-Year T-Note",109.09375,-0.015625,-0.01%,109.109375,109,89,0.00%,0.00%,0.00%,0,0.00%,N/A,N/A,0%,0%,N/A,N/A,N/A,N/A,N/A,N/A,0,"21:01 CT"
ZNH27,"10-Year T-Note",108.96875,0.265625,+0.24%,108.96875,108.96875,3,0.00%,0.00%,0.00%,0,0.00%,N/A,N/A,0%,0%,N/A,N/A,N/A,N/A,N/A,N/A,0,2026-07-09
S!U26,"CFFEX CSI 300 Index",4781.8,91,+1.94%,4804,4665.2,93546,0.00%,0.00%,0.00%,0,0.00%,N/A,N/A,0%,0%,N/A,N/A,N/A,N/A,N/A,N/A,0,2026-07-09
S!N26,"CFFEX CSI 300 Index",4836,85.2,+1.79%,4859.2,4720.6,37545,0.00%,0.00%,0.00%,0,0.00%,N/A,N/A,0%,0%,N/A,N/A,N/A,N/A,N/A,N/A,0,2026-07-09
S!Q26,"CFFEX CSI 300 Index",4803.8,88,+1.87%,4825,4688,9881,0.00%,0.00%,0.00%,0,0.00%,N/A,N/A,0%,0%,N/A,N/A,N/A,N/A,N/A,N/A,0,2026-07-09
S!Z26,"CFFEX CSI 300 Index",4700.4,91.4,+1.98%,4724,4586,16300,0.00%,0.00%,0.00%,0,0.00%,N/A,N/A,0%,0%,N/A,N/A,N/A,N/A,N/A,N/A,0,2026-07-09
$SPX,"S&P 500 Index",7543.64,60.93,+0.81%,7546.89,7483.57,0,12.92%,14.51%,14.67%,0.8824043715847,91.50%,14.43%,0.00%,26%,0%,4467577,3674285,22590760,9602542,12988218,1.3525812227637,43.35,2026-07-09
ESU26,"S&P 500 E-Mini",7585,-3.75,-0.05%,7591.75,7574.5,37385,0.00%,0.00%,0.00%,0,0.00%,N/A,N/A,0%,0%,N/A,N/A,N/A,N/A,N/A,N/A,0,"21:55 CT"
ESZ26,"S&P 500 E-Mini",7649.5,-6.,-0.08%,7655.25,7642,44,0.00%,0.00%,0.00%,0,0.00%,N/A,N/A,0%,0%,N/A,N/A,N/A,N/A,N/A,N/A,0,"21:54 CT"
ESH27,"S&P 500 E-Mini",7734,61.25,+0.80%,7734,7734,0,0.00%,0.00%,0.00%,0,0.00%,N/A,N/A,0%,0%,N/A,N/A,N/A,N/A,N/A,N/A,0,2026-07-09
ESM27,"S&P 500 E-Mini",7807,62,+0.80%,7807,7807,0,0.00%,0.00%,0.00%,0,0.00%,N/A,N/A,0%,0%,N/A,N/A,N/A,N/A,N/A,N/A,0,2026-07-09
ESU27,"S&P 500 E-Mini",7881.75,65,+0.83%,7881.75,7881.75,0,0.00%,0.00%,0.00%,0,0.00%,N/A,N/A,0%,0%,N/A,N/A,N/A,N/A,N/A,N/A,0,2026-07-09
ESZ27,"S&P 500 E-Mini",7954.25,63.25,+0.80%,7954.25,7954.25,0,0.00%,0.00%,0.00%,0,0.00%,N/A,N/A,0%,0%,N/A,N/A,N/A,N/A,N/A,N/A,0,2026-07-09
ESH28,"S&P 500 E-Mini",8032.5,64,+0.80%,8032.5,8032.5,0,0.00%,0.00%,0.00%,0,0.00%,N/A,N/A,0%,0%,N/A,N/A,N/A,N/A,N/A,N/A,0,2026-07-09
ESM28,"S&P 500 E-Mini",8107.75,62.75,+0.78%,8107.75,8107.75,0,0.00%,0.00%,0.00%,0,0.00%,N/A,N/A,0%,0%,N/A,N/A,N/A,N/A,N/A,N/A,0,2026-07-09
ESU28,"S&P 500 E-Mini",8181.25,61,+0.75%,8181.25,8181.25,0,0.00%,0.00%,0.00%,0,0.00%,N/A,N/A,0%,0%,N/A,N/A,N/A,N/A,N/A,N/A,0,2026-07-09
ESZ28,"S&P 500 E-Mini",8258.5,65.75,+0.80%,8258.5,8258.5,0,0.00%,0.00%,0.00%,0,0.00%,N/A,N/A,0%,0%,N/A,N/A,N/A,N/A,N/A,N/A,0,2026-07-09
NGQ26,"Natural Gas",3.014,0.0019999999999998,+0.07%,3.022,3.005,2005,0.00%,0.00%,0.00%,0,0.00%,N/A,N/A,0%,0%,N/A,N/A,N/A,N/A,N/A,N/A,0,"21:54 CT"
NGU26,"Natural Gas",2.961,0.0029999999999997,+0.10%,2.969,2.954,844,0.00%,0.00%,0.00%,0,0.00%,N/A,N/A,0%,0%,N/A,N/A,N/A,N/A,N/A,N/A,0,"21:54 CT"
NGV26,"Natural Gas",2.985,0.004,+0.13%,2.991,2.979,231,0.00%,0.00%,0.00%,0,0.00%,N/A,N/A,0%,0%,N/A,N/A,N/A,N/A,N/A,N/A,0,"21:54 CT"
NGX26,"Natural Gas",3.187,0.003,+0.09%,3.193,3.182,126,0.00%,0.00%,0.00%,0,0.00%,N/A,N/A,0%,0%,N/A,N/A,N/A,N/A,N/A,N/A,0,"21:54 CT"
NGZ26,"Natural Gas",3.837,0.0010000000000003,+0.03%,3.843,3.835,82,0.00%,0.00%,0.00%,0,0.00%,N/A,N/A,0%,0%,N/A,N/A,N/A,N/A,N/A,N/A,0,"21:54 CT"
NGF27,"Natural Gas",4.28,0.001,+0.02%,4.286,4.276,111,0.00%,0.00%,0.00%,0,0.00%,N/A,N/A,0%,0%,N/A,N/A,N/A,N/A,N/A,N/A,0,"21:54 CT"
NGG27,"Natural Gas",3.847,-0.001,-0.03%,3.851,3.846,75,0.00%,0.00%,0.00%,0,0.00%,N/A,N/A,0%,0%,N/A,N/A,N/A,N/A,N/A,N/A,0,"21:54 CT"
NGH27,"Natural Gas",3.027,0.002,+0.07%,3.031,3.025,147,0.00%,0.00%,0.00%,0,0.00%,N/A,N/A,0%,0%,N/A,N/A,N/A,N/A,N/A,N/A,0,"21:54 CT"
NGJ27,"Natural Gas",2.831,0,0.00%,2.841,2.831,113,0.00%,0.00%,0.00%,0,0.00%,N/A,N/A,0%,0%,N/A,N/A,N/A,N/A,N/A,N/A,0,"21:54 CT"
NGK27,"Natural Gas",2.812,0.003,+0.11%,2.813,2.809,52,0.00%,0.00%,0.00%,0,0.00%,N/A,N/A,0%,0%,N/A,N/A,N/A,N/A,N/A,N/A,0,"21:34 CT"
$VIX,"CBOE Volatility Index",15.84,-1.06,-6.27%,17.27,15.76,0,88.13%,102.53%,95.70%,0.61437813720022,138.22%,6.58%,6.58%,25%,73%,581714,568727,12252157,8977982,3274175,0.36468941461455,1.1475,2026-07-09
$JGBV,"Jpx Jgb VIX Index",3.76,-0.01,-0.27%,3.97,3.75,N/A,0.00%,0.00%,0.00%,0,0.00%,N/A,N/A,0%,0%,N/A,N/A,N/A,N/A,N/A,N/A,0,"22:00 ET"
$CSHZ,"CSI China 300 Index",4876.31,120.78,+2.54%,4882.85,4734.87,0,0.00%,0.00%,0.00%,0,0.00%,N/A,N/A,0%,0%,N/A,N/A,N/A,N/A,N/A,N/A,0,2026-07-09
SQJ26,"3-Month SOFR",96.37,0.005,+0.01%,96.37,96.3675,126,0.00%,0.00%,0.00%,0,0.00%,N/A,N/A,0%,0%,N/A,N/A,N/A,N/A,N/A,N/A,0,2026-07-09
SQZ26,"3-Month SOFR",95.975,-0.005,-0.01%,95.98,95.96,21024,0.00%,0.00%,0.00%,0,0.00%,N/A,N/A,0%,0%,N/A,N/A,N/A,N/A,N/A,N/A,0,"21:54 CT"
SQK26,"3-Month SOFR",96.3525,0.005,+0.01%,96.3575,96.3525,617,0.00%,0.00%,0.00%,0,0.00%,N/A,N/A,0%,0%,N/A,N/A,N/A,N/A,N/A,N/A,0,2026-07-09
SQM26,"3-Month SOFR",96.3225,0,0.00%,96.3225,96.32,4268,0.00%,0.00%,0.00%,0,0.00%,N/A,N/A,0%,0%,N/A,N/A,N/A,N/A,N/A,N/A,0,"21:54 CT"
SQN26,"3-Month SOFR",96.255,0.0025,0.00%,96.255,96.255,41,0.00%,0.00%,0.00%,0,0.00%,N/A,N/A,0%,0%,N/A,N/A,N/A,N/A,N/A,N/A,0,"20:51 CT"
SQQ26,"3-Month SOFR",96.18,0.015,+0.02%,96.18,96.155,1,0.00%,0.00%,0.00%,0,0.00%,N/A,N/A,0%,0%,N/A,N/A,N/A,N/A,N/A,N/A,0,2026-07-09
SQU26,"3-Month SOFR",96.13,0.005,+0.01%,96.13,96.115,16967,0.00%,0.00%,0.00%,0,0.00%,N/A,N/A,0%,0%,N/A,N/A,N/A,N/A,N/A,N/A,0,"21:54 CT"
SQV26,"3-Month SOFR",96.06,0.035,+0.04%,96.06,96.01,0,0.00%,0.00%,0.00%,0,0.00%,N/A,N/A,0%,0%,N/A,N/A,N/A,N/A,N/A,N/A,0,2026-07-09
SQX26,"3-Month SOFR",96.015,0.035,+0.04%,96.015,95.96,0,0.00%,0.00%,0.00%,0,0.00%,N/A,N/A,0%,0%,N/A,N/A,N/A,N/A,N/A,N/A,0,2026-07-09
SQF27,"3-Month SOFR",0,0,N/A,0,0,N/A,0.00%,0.00%,0.00%,0,0.00%,N/A,N/A,0%,0%,N/A,N/A,N/A,N/A,N/A,N/A,0,N/A
ZQQ26,"30-Day Fed Funds",96.32,0.0049999999999955,+0.01%,96.32,96.315,5205,0.00%,0.00%,0.00%,0,0.00%,N/A,N/A,0%,0%,N/A,N/A,N/A,N/A,N/A,N/A,0,"21:54 CT"
ZQN26,"30-Day Fed Funds",96.3725,0,0.00%,96.375,96.3725,85,0.00%,0.00%,0.00%,0,0.00%,N/A,N/A,0%,0%,N/A,N/A,N/A,N/A,N/A,N/A,0,"21:53 CT"
ZQU26,"30-Day Fed Funds",96.26,0.005,+0.01%,96.26,96.255,333,0.00%,0.00%,0.00%,0,0.00%,N/A,N/A,0%,0%,N/A,N/A,N/A,N/A,N/A,N/A,0,"21:04 CT"
ZQV26,"30-Day Fed Funds",96.19,0.0049999999999955,+0.01%,96.19,96.18,2230,0.00%,0.00%,0.00%,0,0.00%,N/A,N/A,0%,0%,N/A,N/A,N/A,N/A,N/A,N/A,0,"21:54 CT"
ZQX26,"30-Day Fed Funds",96.14,0,0.00%,96.14,96.13,986,0.00%,0.00%,0.00%,0,0.00%,N/A,N/A,0%,0%,N/A,N/A,N/A,N/A,N/A,N/A,0,"21:54 CT"
ZQZ26,"30-Day Fed Funds",96.075,0,0.00%,96.075,96.06,451,0.00%,0.00%,0.00%,0,0.00%,N/A,N/A,0%,0%,N/A,N/A,N/A,N/A,N/A,N/A,0,"21:54 CT"
ZQF27,"30-Day Fed Funds",96.045,0.005,+0.01%,96.045,96.025,383,0.00%,0.00%,0.00%,0,0.00%,N/A,N/A,0%,0%,N/A,N/A,N/A,N/A,N/A,N/A,0,"21:34 CT"
ZQG27,"30-Day Fed Funds",96.01,0,0.00%,96.015,95.995,478,0.00%,0.00%,0.00%,0,0.00%,N/A,N/A,0%,0%,N/A,N/A,N/A,N/A,N/A,N/A,0,"21:54 CT"
ZQH27,"30-Day Fed Funds",95.99,0,0.00%,95.99,95.97,39,0.00%,0.00%,0.00%,0,0.00%,N/A,N/A,0%,0%,N/A,N/A,N/A,N/A,N/A,N/A,0,"21:34 CT"
ZQJ27,"30-Day Fed Funds",95.96,-0.005,-0.01%,95.965,95.945,103,0.00%,0.00%,0.00%,0,0.00%,N/A,N/A,0%,0%,N/A,N/A,N/A,N/A,N/A,N/A,0,"21:54 CT"
VIQ26,"S&P 500 VIX",18.68,0.0244,+0.13%,18.75,18.65,573,0.00%,0.00%,0.00%,0,0.00%,N/A,N/A,0%,0%,N/A,N/A,N/A,N/A,N/A,N/A,0,"21:54 CT"
TZN26,"30-Year Yield Futures",4.988,0,0.00%,4.988,4.988,0,0.00%,0.00%,0.00%,0,0.00%,N/A,N/A,0%,0%,N/A,N/A,N/A,N/A,N/A,N/A,0,2026-07-09
TZQ26,"30-Year Yield Futures",5.018,0,0.00%,5.018,5.018,0,0.00%,0.00%,0.00%,0,0.00%,N/A,N/A,0%,0%,N/A,N/A,N/A,N/A,N/A,N/A,0,2026-07-09
"Downloaded from Barchart.com as of 07-09-2026 10:05pm CDT"
